{
    "到达1000m高度并安全落地":100000,
    "到达2500m高度并安全落地":500000,
    "到达10km高度并安全落地":1000000,
    "到达15km高度并安全落地":1000000,
    "到达20km高度并安全落地":1200000,
    "飞跃大气层并安全落地":1500000,
    "环绕地球低轨道":1500000,
    "环绕低轨道并安全落地":2000000,
    "环绕高轨道并安全落地":2500000,
    "环绕月球":3000000,
    "登陆月球并安全返回":3000000,
    "登陆月球的3处地标并安全返回":4000000,
    "碰到捕获小行星并安全返回":4000000,
    "绕捕获小行星走一圈并安全返回":4000000
}