{
    "default":{
        "front":"",
        "money":0,
        "img":"default.png",
        "x":0,
        "y":500,
        "text":"默认零件包"
    },
    "big_solid":{
        "front":"default",
        "money":200000,
        "img":"big_solid.png",
        "x":0,
        "y":0,
        "text":"较大的固体燃料"
    },
    "heat_shield":{
        "front":"big_solid",
        "money":500000,
        "img":"heat_shield.png",
        "x":-300,
        "y":-500,
        "text":"所有宽度的隔热罩"
    },
    "fuel":{
        "front":"big_solid",
        "money":500000,
        "img":"fuel.png",
        "x":300,
        "y":-500,
        "text":"1个引擎及所有4格宽的油箱"
    }
}